{
    "foreground_intensity_properties_per_channel": {
        "0": {
            "max": 122.71910858154297,
            "mean": 2.8940117359161377,
            "median": 1.8349229097366333,
            "min": 1.0,
            "percentile_00_5": 1.005632758140564,
            "percentile_99_5": 20.26571466445921,
            "std": 3.168116807937622
        },
        "1": {
            "max": 3071.0,
            "mean": 50.1551513671875,
            "median": 33.0,
            "min": -1024.0,
            "percentile_00_5": -725.0,
            "percentile_99_5": 976.0,
            "std": 191.87095642089844
        }
    },
    "median_relative_size_after_cropping": 1.0,
    "shapes_after_crop": [
        [
            335,
            192,
            192
        ],
        [
            371,
            128,
            128
        ],
        [
            392,
            200,
            200
        ],
        [
            335,
            192,
            192
        ],
        [
            335,
            192,
            192
        ],
        [
            324,
            168,
            168
        ],
        [
            335,
            192,
            192
        ],
        [
            335,
            192,
            192
        ],
        [
            360,
            144,
            144
        ],
        [
            439,
            200,
            200
        ],
        [
            441,
            200,
            200
        ],
        [
            299,
            192,
            192
        ],
        [
            203,
            200,
            200
        ],
        [
            504,
            200,
            200
        ],
        [
            299,
            192,
            192
        ],
        [
            299,
            192,
            192
        ],
        [
            222,
            200,
            200
        ],
        [
            234,
            144,
            144
        ],
        [
            335,
            192,
            192
        ],
        [
            335,
            192,
            192
        ],
        [
            335,
            192,
            192
        ],
        [
            335,
            192,
            192
        ],
        [
            335,
            192,
            192
        ],
        [
            382,
            200,
            200
        ],
        [
            526,
            200,
            200
        ],
        [
            335,
            192,
            192
        ],
        [
            1261,
            180,
            180
        ],
        [
            299,
            192,
            192
        ],
        [
            200,
            200,
            200
        ],
        [
            441,
            200,
            200
        ],
        [
            1150,
            180,
            180
        ],
        [
            299,
            192,
            192
        ],
        [
            431,
            200,
            200
        ],
        [
            255,
            144,
            144
        ],
        [
            244,
            200,
            200
        ],
        [
            335,
            192,
            192
        ],
        [
            449,
            256,
            256
        ],
        [
            407,
            192,
            192
        ],
        [
            465,
            200,
            200
        ],
        [
            357,
            200,
            200
        ],
        [
            202,
            200,
            200
        ],
        [
            352,
            512,
            512
        ],
        [
            528,
            180,
            180
        ],
        [
            244,
            200,
            200
        ],
        [
            299,
            192,
            192
        ],
        [
            335,
            192,
            192
        ],
        [
            343,
            200,
            200
        ],
        [
            335,
            192,
            192
        ],
        [
            484,
            200,
            200
        ],
        [
            335,
            192,
            192
        ],
        [
            424,
            168,
            168
        ],
        [
            335,
            192,
            192
        ],
        [
            400,
            200,
            200
        ],
        [
            201,
            200,
            200
        ],
        [
            407,
            192,
            192
        ],
        [
            907,
            180,
            180
        ],
        [
            335,
            192,
            192
        ],
        [
            449,
            256,
            256
        ],
        [
            335,
            192,
            192
        ],
        [
            244,
            200,
            200
        ],
        [
            371,
            192,
            192
        ],
        [
            244,
            200,
            200
        ],
        [
            255,
            169,
            169
        ],
        [
            503,
            256,
            256
        ],
        [
            352,
            180,
            180
        ],
        [
            335,
            192,
            192
        ],
        [
            335,
            192,
            192
        ],
        [
            323,
            200,
            200
        ],
        [
            335,
            192,
            192
        ],
        [
            335,
            192,
            192
        ],
        [
            407,
            192,
            192
        ],
        [
            382,
            200,
            200
        ],
        [
            335,
            192,
            192
        ],
        [
            286,
            484,
            484
        ],
        [
            335,
            192,
            192
        ],
        [
            335,
            192,
            192
        ],
        [
            335,
            192,
            192
        ],
        [
            360,
            144,
            144
        ],
        [
            431,
            200,
            200
        ],
        [
            204,
            200,
            200
        ],
        [
            196,
            200,
            200
        ],
        [
            299,
            192,
            192
        ],
        [
            559,
            200,
            200
        ],
        [
            323,
            200,
            200
        ],
        [
            371,
            192,
            192
        ],
        [
            335,
            192,
            192
        ],
        [
            439,
            200,
            200
        ],
        [
            276,
            169,
            169
        ],
        [
            195,
            200,
            200
        ],
        [
            382,
            200,
            200
        ],
        [
            503,
            256,
            256
        ],
        [
            484,
            200,
            200
        ],
        [
            244,
            200,
            200
        ],
        [
            488,
            200,
            200
        ],
        [
            373,
            200,
            200
        ],
        [
            299,
            192,
            192
        ],
        [
            244,
            200,
            200
        ],
        [
            371,
            192,
            192
        ],
        [
            299,
            192,
            192
        ],
        [
            299,
            192,
            192
        ]
    ],